INSERT INTO Customers (Customer_ID, Name, Phone, Email, CustomerType, RegistrationDate) VALUES ('C001', 'Grupo Norte', '6141000001', 'contacto@gruponorte.com', 'Company', DATE '2025-01-10');
INSERT INTO Customers (Customer_ID, Name, Phone, Email, CustomerType, RegistrationDate) VALUES ('C002', 'Casa Rivera', '6141000002', 'rivera@example.com', 'Individual', DATE '2025-01-15');
INSERT INTO Customers (Customer_ID, Name, Phone, Email, CustomerType, RegistrationDate) VALUES ('C003', 'Desarrollos Sierra', '6141000003', 'info@sierradev.com', 'Company', DATE '2025-02-01');
INSERT INTO Customers (Customer_ID, Name, Phone, Email, CustomerType, RegistrationDate) VALUES ('C004', 'Municipio Centro', '6141000004', 'obras@municipio.gob', 'Government', DATE '2025-02-12');
INSERT INTO Customers (Customer_ID, Name, Phone, Email, CustomerType, RegistrationDate) VALUES ('C005', 'Lopez Hermanos', '6141000005', 'lopez@example.com', 'Company', DATE '2025-03-03');
INSERT INTO Customers (Customer_ID, Name, Phone, Email, CustomerType, RegistrationDate) VALUES ('C006', 'Residencial Roble', '6141000006', 'admin@roble.com', 'Company', DATE '2025-03-18');
INSERT INTO Customers (Customer_ID, Name, Phone, Email, CustomerType, RegistrationDate) VALUES ('C007', 'Ana Martinez', '6141000007', 'ana.martinez@example.com', 'Individual', DATE '2025-04-02');
INSERT INTO Customers (Customer_ID, Name, Phone, Email, CustomerType, RegistrationDate) VALUES ('C008', 'Constructora Aliada', '6141000008', 'ventas@aliada.com', 'Company', DATE '2025-04-20');
INSERT INTO Customers (Customer_ID, Name, Phone, Email, CustomerType, RegistrationDate) VALUES ('C009', 'Hotel Camino Real', '6141000009', 'gerencia@caminoreal.com', 'Company', DATE '2025-05-05');
INSERT INTO Customers (Customer_ID, Name, Phone, Email, CustomerType, RegistrationDate) VALUES ('C010', 'Escuela Horizonte', '6141000010', 'direccion@horizonte.edu', 'Institution', DATE '2025-05-22');

INSERT INTO ConstructionSite (ConstructionSite_ID, Customer_ID, Country, City, Street, Address) VALUES ('CS001', 'C001', 'Mexico', 'Chihuahua', 'Av Norte', '100');
INSERT INTO ConstructionSite (ConstructionSite_ID, Customer_ID, Country, City, Street, Address) VALUES ('CS002', 'C002', 'Mexico', 'Chihuahua', 'Calle Rio', '215');
INSERT INTO ConstructionSite (ConstructionSite_ID, Customer_ID, Country, City, Street, Address) VALUES ('CS003', 'C003', 'Mexico', 'Juarez', 'Sierra Azul', '330');
INSERT INTO ConstructionSite (ConstructionSite_ID, Customer_ID, Country, City, Street, Address) VALUES ('CS004', 'C004', 'Mexico', 'Delicias', 'Central', '410');
INSERT INTO ConstructionSite (ConstructionSite_ID, Customer_ID, Country, City, Street, Address) VALUES ('CS005', 'C005', 'Mexico', 'Chihuahua', 'Industrial', '520');
INSERT INTO ConstructionSite (ConstructionSite_ID, Customer_ID, Country, City, Street, Address) VALUES ('CS006', 'C006', 'Mexico', 'Parral', 'Roble', '61');
INSERT INTO ConstructionSite (ConstructionSite_ID, Customer_ID, Country, City, Street, Address) VALUES ('CS007', 'C007', 'Mexico', 'Cuauhtemoc', 'Lago', '72');
INSERT INTO ConstructionSite (ConstructionSite_ID, Customer_ID, Country, City, Street, Address) VALUES ('CS008', 'C008', 'Mexico', 'Chihuahua', 'Tecnologico', '880');
INSERT INTO ConstructionSite (ConstructionSite_ID, Customer_ID, Country, City, Street, Address) VALUES ('CS009', 'C009', 'Mexico', 'Creel', 'Bosque', '19');
INSERT INTO ConstructionSite (ConstructionSite_ID, Customer_ID, Country, City, Street, Address) VALUES ('CS010', 'C010', 'Mexico', 'Aldama', 'Escuela', '45');

INSERT INTO Machines (Machine_ID, Model, Type, IsUsed) VALUES ('M001', 'CAT 320', 'Excavator', 1);
INSERT INTO Machines (Machine_ID, Model, Type, IsUsed) VALUES ('M002', 'JCB 3CX', 'Backhoe', 1);
INSERT INTO Machines (Machine_ID, Model, Type, IsUsed) VALUES ('M003', 'Volvo SD45', 'Compactor', 0);
INSERT INTO Machines (Machine_ID, Model, Type, IsUsed) VALUES ('M004', 'Komatsu WA200', 'Loader', 1);
INSERT INTO Machines (Machine_ID, Model, Type, IsUsed) VALUES ('M005', 'CAT D6', 'Bulldozer', 0);
INSERT INTO Machines (Machine_ID, Model, Type, IsUsed) VALUES ('M006', 'Genie S65', 'Lift', 1);
INSERT INTO Machines (Machine_ID, Model, Type, IsUsed) VALUES ('M007', 'Miller 400', 'Welder', 0);
INSERT INTO Machines (Machine_ID, Model, Type, IsUsed) VALUES ('M008', 'Hino 500', 'Truck', 1);
INSERT INTO Machines (Machine_ID, Model, Type, IsUsed) VALUES ('M009', 'Atlas XAS', 'Compressor', 0);
INSERT INTO Machines (Machine_ID, Model, Type, IsUsed) VALUES ('M010', 'Bobcat S70', 'Skid Steer', 1);

INSERT INTO Material (Material_ID, Name, Purpose) VALUES ('MAT001', 'Cement', 'Concrete mix');
INSERT INTO Material (Material_ID, Name, Purpose) VALUES ('MAT002', 'Sand', 'Mortar mix');
INSERT INTO Material (Material_ID, Name, Purpose) VALUES ('MAT003', 'Gravel', 'Concrete base');
INSERT INTO Material (Material_ID, Name, Purpose) VALUES ('MAT004', 'Steel Rebar', 'Reinforcement');
INSERT INTO Material (Material_ID, Name, Purpose) VALUES ('MAT005', 'Brick', 'Wall building');
INSERT INTO Material (Material_ID, Name, Purpose) VALUES ('MAT006', 'Paint', 'Finishing');
INSERT INTO Material (Material_ID, Name, Purpose) VALUES ('MAT007', 'PVC Pipe', 'Plumbing');
INSERT INTO Material (Material_ID, Name, Purpose) VALUES ('MAT008', 'Copper Wire', 'Electrical');
INSERT INTO Material (Material_ID, Name, Purpose) VALUES ('MAT009', 'Wood Beam', 'Structure');
INSERT INTO Material (Material_ID, Name, Purpose) VALUES ('MAT010', 'Glass Panel', 'Windows');

INSERT INTO ServiceExternalCompany (Company_ID, CompanyName, Phone, Email) VALUES ('SEC001', 'Electro Pro', '6142000001', 'contacto@electropro.com');
INSERT INTO ServiceExternalCompany (Company_ID, CompanyName, Phone, Email) VALUES ('SEC002', 'Agua Norte', '6142000002', 'servicio@aguanorte.com');
INSERT INTO ServiceExternalCompany (Company_ID, CompanyName, Phone, Email) VALUES ('SEC003', 'Pinturas Max', '6142000003', 'ventas@pinturasmax.com');
INSERT INTO ServiceExternalCompany (Company_ID, CompanyName, Phone, Email) VALUES ('SEC004', 'Seguridad Alfa', '6142000004', 'info@segalfa.com');
INSERT INTO ServiceExternalCompany (Company_ID, CompanyName, Phone, Email) VALUES ('SEC005', 'Topografia Plus', '6142000005', 'topo@plus.com');
INSERT INTO ServiceExternalCompany (Company_ID, CompanyName, Phone, Email) VALUES ('SEC006', 'Clima Integral', '6142000006', 'contacto@climaintegral.com');
INSERT INTO ServiceExternalCompany (Company_ID, CompanyName, Phone, Email) VALUES ('SEC007', 'Vidrios Sol', '6142000007', 'ventas@vidriossol.com');
INSERT INTO ServiceExternalCompany (Company_ID, CompanyName, Phone, Email) VALUES ('SEC008', 'Gruas Norte', '6142000008', 'operaciones@gruasnorte.com');
INSERT INTO ServiceExternalCompany (Company_ID, CompanyName, Phone, Email) VALUES ('SEC009', 'Jardines Pro', '6142000009', 'jardines@pro.com');
INSERT INTO ServiceExternalCompany (Company_ID, CompanyName, Phone, Email) VALUES ('SEC010', 'Limpieza Final', '6142000010', 'contacto@limpiezafinal.com');

INSERT INTO Employees (Employee_ID, Boss_ID, ConstructionSite_ID, FirstName, LastName, StartDate, HireDate, CurrentPay, BankAccount, BankName, Phone) VALUES ('E001', NULL, 'CS001', 'Carlos', 'Lopez', DATE '2025-01-20', DATE '2024-08-01', 14500.00, '100000001', 'BBVA', '6143000001');
INSERT INTO Employees (Employee_ID, Boss_ID, ConstructionSite_ID, FirstName, LastName, StartDate, HireDate, CurrentPay, BankAccount, BankName, Phone) VALUES ('E002', 'E001', 'CS002', 'Maria', 'Garcia', DATE '2025-01-22', DATE '2024-09-10', 11800.00, '100000002', 'Santander', '6143000002');
INSERT INTO Employees (Employee_ID, Boss_ID, ConstructionSite_ID, FirstName, LastName, StartDate, HireDate, CurrentPay, BankAccount, BankName, Phone) VALUES ('E003', 'E001', 'CS003', 'Jose', 'Hernandez', DATE '2025-02-05', DATE '2024-10-15', 12500.00, '100000003', 'Banorte', '6143000003');
INSERT INTO Employees (Employee_ID, Boss_ID, ConstructionSite_ID, FirstName, LastName, StartDate, HireDate, CurrentPay, BankAccount, BankName, Phone) VALUES ('E004', 'E002', 'CS004', 'Lucia', 'Ramos', DATE '2025-02-15', DATE '2024-11-01', 9800.00, '100000004', 'HSBC', '6143000004');
INSERT INTO Employees (Employee_ID, Boss_ID, ConstructionSite_ID, FirstName, LastName, StartDate, HireDate, CurrentPay, BankAccount, BankName, Phone) VALUES ('E005', 'E002', 'CS005', 'Miguel', 'Torres', DATE '2025-03-01', DATE '2024-11-20', 10200.00, '100000005', 'BBVA', '6143000005');
INSERT INTO Employees (Employee_ID, Boss_ID, ConstructionSite_ID, FirstName, LastName, StartDate, HireDate, CurrentPay, BankAccount, BankName, Phone) VALUES ('E006', 'E003', 'CS006', 'Sofia', 'Vega', DATE '2025-03-12', DATE '2024-12-05', 13200.00, '100000006', 'Banamex', '6143000006');
INSERT INTO Employees (Employee_ID, Boss_ID, ConstructionSite_ID, FirstName, LastName, StartDate, HireDate, CurrentPay, BankAccount, BankName, Phone) VALUES ('E007', 'E003', 'CS007', 'Raul', 'Mendoza', DATE '2025-04-01', DATE '2025-01-08', 9500.00, '100000007', 'Santander', '6143000007');
INSERT INTO Employees (Employee_ID, Boss_ID, ConstructionSite_ID, FirstName, LastName, StartDate, HireDate, CurrentPay, BankAccount, BankName, Phone) VALUES ('E008', 'E004', 'CS008', 'Paola', 'Castro', DATE '2025-04-18', DATE '2025-01-20', 11000.00, '100000008', 'BBVA', '6143000008');
INSERT INTO Employees (Employee_ID, Boss_ID, ConstructionSite_ID, FirstName, LastName, StartDate, HireDate, CurrentPay, BankAccount, BankName, Phone) VALUES ('E009', 'E004', 'CS009', 'Diego', 'Salazar', DATE '2025-05-03', DATE '2025-02-10', 10800.00, '100000009', 'Banorte', '6143000009');
INSERT INTO Employees (Employee_ID, Boss_ID, ConstructionSite_ID, FirstName, LastName, StartDate, HireDate, CurrentPay, BankAccount, BankName, Phone) VALUES ('E010', 'E005', 'CS010', 'Elena', 'Morales', DATE '2025-05-18', DATE '2025-03-01', 9900.00, '100000010', 'HSBC', '6143000010');

INSERT INTO WareHouse (WareHouse_ID, ConstructionSite_ID, Name, Country, City, Street, Address, Phone) VALUES ('W001', 'CS001', 'North Yard', 'Mexico', 'Chihuahua', 'Av Norte', '110', '6144000001');
INSERT INTO WareHouse (WareHouse_ID, ConstructionSite_ID, Name, Country, City, Street, Address, Phone) VALUES ('W002', 'CS002', 'River Store', 'Mexico', 'Chihuahua', 'Calle Rio', '220', '6144000002');
INSERT INTO WareHouse (WareHouse_ID, ConstructionSite_ID, Name, Country, City, Street, Address, Phone) VALUES ('W003', 'CS003', 'Sierra Depot', 'Mexico', 'Juarez', 'Sierra Azul', '340', '6144000003');
INSERT INTO WareHouse (WareHouse_ID, ConstructionSite_ID, Name, Country, City, Street, Address, Phone) VALUES ('W004', 'CS004', 'Central Storage', 'Mexico', 'Delicias', 'Central', '415', '6144000004');
INSERT INTO WareHouse (WareHouse_ID, ConstructionSite_ID, Name, Country, City, Street, Address, Phone) VALUES ('W005', 'CS005', 'Industrial Yard', 'Mexico', 'Chihuahua', 'Industrial', '525', '6144000005');
INSERT INTO WareHouse (WareHouse_ID, ConstructionSite_ID, Name, Country, City, Street, Address, Phone) VALUES ('W006', 'CS006', 'Roble Storage', 'Mexico', 'Parral', 'Roble', '66', '6144000006');
INSERT INTO WareHouse (WareHouse_ID, ConstructionSite_ID, Name, Country, City, Street, Address, Phone) VALUES ('W007', 'CS007', 'Lago Store', 'Mexico', 'Cuauhtemoc', 'Lago', '77', '6144000007');
INSERT INTO WareHouse (WareHouse_ID, ConstructionSite_ID, Name, Country, City, Street, Address, Phone) VALUES ('W008', 'CS008', 'Tech Depot', 'Mexico', 'Chihuahua', 'Tecnologico', '885', '6144000008');
INSERT INTO WareHouse (WareHouse_ID, ConstructionSite_ID, Name, Country, City, Street, Address, Phone) VALUES ('W009', 'CS009', 'Forest Yard', 'Mexico', 'Creel', 'Bosque', '24', '6144000009');
INSERT INTO WareHouse (WareHouse_ID, ConstructionSite_ID, Name, Country, City, Street, Address, Phone) VALUES ('W010', 'CS010', 'School Store', 'Mexico', 'Aldama', 'Escuela', '50', '6144000010');

INSERT INTO EmployeePayment (WeekNumber, Year, Employee_ID, PaymentAmount, Tax, PayDate) VALUES (1, 2026, 'E001', 3600.00, 420.00, DATE '2026-01-09');
INSERT INTO EmployeePayment (WeekNumber, Year, Employee_ID, PaymentAmount, Tax, PayDate) VALUES (1, 2026, 'E002', 2950.00, 310.00, DATE '2026-01-09');
INSERT INTO EmployeePayment (WeekNumber, Year, Employee_ID, PaymentAmount, Tax, PayDate) VALUES (1, 2026, 'E003', 3120.00, 340.00, DATE '2026-01-09');
INSERT INTO EmployeePayment (WeekNumber, Year, Employee_ID, PaymentAmount, Tax, PayDate) VALUES (2, 2026, 'E004', 2450.00, 250.00, DATE '2026-01-16');
INSERT INTO EmployeePayment (WeekNumber, Year, Employee_ID, PaymentAmount, Tax, PayDate) VALUES (2, 2026, 'E005', 2550.00, 265.00, DATE '2026-01-16');
INSERT INTO EmployeePayment (WeekNumber, Year, Employee_ID, PaymentAmount, Tax, PayDate) VALUES (2, 2026, 'E006', 3300.00, 380.00, DATE '2026-01-16');
INSERT INTO EmployeePayment (WeekNumber, Year, Employee_ID, PaymentAmount, Tax, PayDate) VALUES (3, 2026, 'E007', 2375.00, 240.00, DATE '2026-01-23');
INSERT INTO EmployeePayment (WeekNumber, Year, Employee_ID, PaymentAmount, Tax, PayDate) VALUES (3, 2026, 'E008', 2750.00, 285.00, DATE '2026-01-23');
INSERT INTO EmployeePayment (WeekNumber, Year, Employee_ID, PaymentAmount, Tax, PayDate) VALUES (3, 2026, 'E009', 2700.00, 280.00, DATE '2026-01-23');
INSERT INTO EmployeePayment (WeekNumber, Year, Employee_ID, PaymentAmount, Tax, PayDate) VALUES (4, 2026, 'E010', 2475.00, 255.00, DATE '2026-01-30');
INSERT INTO EmployeePayment (WeekNumber, Year, Employee_ID, PaymentAmount, Tax, PayDate) VALUES (1, 2026, 'E004', 2450.00, 250.00, DATE '2026-01-09');
INSERT INTO EmployeePayment (WeekNumber, Year, Employee_ID, PaymentAmount, Tax, PayDate) VALUES (1, 2026, 'E005', 2550.00, 265.00, DATE '2026-01-09');
INSERT INTO EmployeePayment (WeekNumber, Year, Employee_ID, PaymentAmount, Tax, PayDate) VALUES (1, 2026, 'E006', 3300.00, 380.00, DATE '2026-01-09');
INSERT INTO EmployeePayment (WeekNumber, Year, Employee_ID, PaymentAmount, Tax, PayDate) VALUES (1, 2026, 'E007', 2375.00, 240.00, DATE '2026-01-09');
INSERT INTO EmployeePayment (WeekNumber, Year, Employee_ID, PaymentAmount, Tax, PayDate) VALUES (1, 2026, 'E008', 2750.00, 285.00, DATE '2026-01-09');
INSERT INTO EmployeePayment (WeekNumber, Year, Employee_ID, PaymentAmount, Tax, PayDate) VALUES (1, 2026, 'E009', 2700.00, 280.00, DATE '2026-01-09');
INSERT INTO EmployeePayment (WeekNumber, Year, Employee_ID, PaymentAmount, Tax, PayDate) VALUES (1, 2026, 'E010', 2475.00, 255.00, DATE '2026-01-09');
INSERT INTO EmployeePayment (WeekNumber, Year, Employee_ID, PaymentAmount, Tax, PayDate) VALUES (2, 2026, 'E001', 3600.00, 420.00, DATE '2026-01-16');
INSERT INTO EmployeePayment (WeekNumber, Year, Employee_ID, PaymentAmount, Tax, PayDate) VALUES (2, 2026, 'E002', 2950.00, 310.00, DATE '2026-01-16');
INSERT INTO EmployeePayment (WeekNumber, Year, Employee_ID, PaymentAmount, Tax, PayDate) VALUES (2, 2026, 'E003', 3120.00, 340.00, DATE '2026-01-16');
INSERT INTO EmployeePayment (WeekNumber, Year, Employee_ID, PaymentAmount, Tax, PayDate) VALUES (2, 2026, 'E007', 2375.00, 240.00, DATE '2026-01-16');
INSERT INTO EmployeePayment (WeekNumber, Year, Employee_ID, PaymentAmount, Tax, PayDate) VALUES (2, 2026, 'E008', 2750.00, 285.00, DATE '2026-01-16');
INSERT INTO EmployeePayment (WeekNumber, Year, Employee_ID, PaymentAmount, Tax, PayDate) VALUES (2, 2026, 'E009', 2700.00, 280.00, DATE '2026-01-16');
INSERT INTO EmployeePayment (WeekNumber, Year, Employee_ID, PaymentAmount, Tax, PayDate) VALUES (2, 2026, 'E010', 2475.00, 255.00, DATE '2026-01-16');
INSERT INTO EmployeePayment (WeekNumber, Year, Employee_ID, PaymentAmount, Tax, PayDate) VALUES (3, 2026, 'E001', 3600.00, 420.00, DATE '2026-01-23');
INSERT INTO EmployeePayment (WeekNumber, Year, Employee_ID, PaymentAmount, Tax, PayDate) VALUES (3, 2026, 'E002', 2950.00, 310.00, DATE '2026-01-23');
INSERT INTO EmployeePayment (WeekNumber, Year, Employee_ID, PaymentAmount, Tax, PayDate) VALUES (3, 2026, 'E003', 3120.00, 340.00, DATE '2026-01-23');
INSERT INTO EmployeePayment (WeekNumber, Year, Employee_ID, PaymentAmount, Tax, PayDate) VALUES (3, 2026, 'E004', 2450.00, 250.00, DATE '2026-01-23');
INSERT INTO EmployeePayment (WeekNumber, Year, Employee_ID, PaymentAmount, Tax, PayDate) VALUES (3, 2026, 'E005', 2550.00, 265.00, DATE '2026-01-23');
INSERT INTO EmployeePayment (WeekNumber, Year, Employee_ID, PaymentAmount, Tax, PayDate) VALUES (3, 2026, 'E006', 3300.00, 380.00, DATE '2026-01-23');
INSERT INTO EmployeePayment (WeekNumber, Year, Employee_ID, PaymentAmount, Tax, PayDate) VALUES (3, 2026, 'E010', 2475.00, 255.00, DATE '2026-01-23');
INSERT INTO EmployeePayment (WeekNumber, Year, Employee_ID, PaymentAmount, Tax, PayDate) VALUES (4, 2026, 'E001', 3600.00, 420.00, DATE '2026-01-30');
INSERT INTO EmployeePayment (WeekNumber, Year, Employee_ID, PaymentAmount, Tax, PayDate) VALUES (4, 2026, 'E002', 2950.00, 310.00, DATE '2026-01-30');
INSERT INTO EmployeePayment (WeekNumber, Year, Employee_ID, PaymentAmount, Tax, PayDate) VALUES (4, 2026, 'E003', 3120.00, 340.00, DATE '2026-01-30');
INSERT INTO EmployeePayment (WeekNumber, Year, Employee_ID, PaymentAmount, Tax, PayDate) VALUES (4, 2026, 'E004', 2450.00, 250.00, DATE '2026-01-30');
INSERT INTO EmployeePayment (WeekNumber, Year, Employee_ID, PaymentAmount, Tax, PayDate) VALUES (4, 2026, 'E005', 2550.00, 265.00, DATE '2026-01-30');
INSERT INTO EmployeePayment (WeekNumber, Year, Employee_ID, PaymentAmount, Tax, PayDate) VALUES (4, 2026, 'E006', 3300.00, 380.00, DATE '2026-01-30');
INSERT INTO EmployeePayment (WeekNumber, Year, Employee_ID, PaymentAmount, Tax, PayDate) VALUES (4, 2026, 'E007', 2375.00, 240.00, DATE '2026-01-30');
INSERT INTO EmployeePayment (WeekNumber, Year, Employee_ID, PaymentAmount, Tax, PayDate) VALUES (4, 2026, 'E008', 2750.00, 285.00, DATE '2026-01-30');
INSERT INTO EmployeePayment (WeekNumber, Year, Employee_ID, PaymentAmount, Tax, PayDate) VALUES (4, 2026, 'E009', 2700.00, 280.00, DATE '2026-01-30');

INSERT INTO Licenses (Employee_ID, Machine_ID, LicenseType, InitialLicenseDate, EndLicenseDate) VALUES ('E001', 'M001', 'Heavy Equipment', DATE '2025-01-01', DATE '2027-01-01');
INSERT INTO Licenses (Employee_ID, Machine_ID, LicenseType, InitialLicenseDate, EndLicenseDate) VALUES ('E002', 'M002', 'Backhoe', DATE '2025-01-15', DATE '2027-01-15');
INSERT INTO Licenses (Employee_ID, Machine_ID, LicenseType, InitialLicenseDate, EndLicenseDate) VALUES ('E003', 'M003', 'Compactor', DATE '2025-02-01', DATE '2027-02-01');
INSERT INTO Licenses (Employee_ID, Machine_ID, LicenseType, InitialLicenseDate, EndLicenseDate) VALUES ('E004', 'M004', 'Loader', DATE '2025-02-15', DATE '2027-02-15');
INSERT INTO Licenses (Employee_ID, Machine_ID, LicenseType, InitialLicenseDate, EndLicenseDate) VALUES ('E005', 'M005', 'Bulldozer', DATE '2025-03-01', DATE '2027-03-01');
INSERT INTO Licenses (Employee_ID, Machine_ID, LicenseType, InitialLicenseDate, EndLicenseDate) VALUES ('E006', 'M006', 'Lift', DATE '2025-03-15', DATE '2027-03-15');
INSERT INTO Licenses (Employee_ID, Machine_ID, LicenseType, InitialLicenseDate, EndLicenseDate) VALUES ('E007', 'M007', 'Welder', DATE '2025-04-01', DATE '2027-04-01');
INSERT INTO Licenses (Employee_ID, Machine_ID, LicenseType, InitialLicenseDate, EndLicenseDate) VALUES ('E008', 'M008', 'Truck', DATE '2025-04-15', DATE '2027-04-15');
INSERT INTO Licenses (Employee_ID, Machine_ID, LicenseType, InitialLicenseDate, EndLicenseDate) VALUES ('E009', 'M009', 'Compressor', DATE '2025-05-01', DATE '2027-05-01');
INSERT INTO Licenses (Employee_ID, Machine_ID, LicenseType, InitialLicenseDate, EndLicenseDate) VALUES ('E010', 'M010', 'Skid Steer', DATE '2025-05-15', DATE '2027-05-15');

INSERT INTO Stock (WareHouse_ID, Material_ID, QuantityKg) VALUES ('W001', 'MAT001', 1500.00);
INSERT INTO Stock (WareHouse_ID, Material_ID, QuantityKg) VALUES ('W002', 'MAT002', 2400.50);
INSERT INTO Stock (WareHouse_ID, Material_ID, QuantityKg) VALUES ('W003', 'MAT003', 3100.00);
INSERT INTO Stock (WareHouse_ID, Material_ID, QuantityKg) VALUES ('W004', 'MAT004', 860.75);
INSERT INTO Stock (WareHouse_ID, Material_ID, QuantityKg) VALUES ('W005', 'MAT005', 5200.00);
INSERT INTO Stock (WareHouse_ID, Material_ID, QuantityKg) VALUES ('W006', 'MAT006', 430.00);
INSERT INTO Stock (WareHouse_ID, Material_ID, QuantityKg) VALUES ('W007', 'MAT007', 920.25);
INSERT INTO Stock (WareHouse_ID, Material_ID, QuantityKg) VALUES ('W008', 'MAT008', 315.00);
INSERT INTO Stock (WareHouse_ID, Material_ID, QuantityKg) VALUES ('W009', 'MAT009', 710.00);
INSERT INTO Stock (WareHouse_ID, Material_ID, QuantityKg) VALUES ('W010', 'MAT010', 180.50);

INSERT INTO MachinesInConstruction (ConstructionSite_ID, Machine_ID, StartMachineDate, FinishMachineDate) VALUES ('CS001', 'M001', DATE '2026-01-05', DATE '2026-02-20');
INSERT INTO MachinesInConstruction (ConstructionSite_ID, Machine_ID, StartMachineDate, FinishMachineDate) VALUES ('CS002', 'M002', DATE '2026-01-07', DATE '2026-03-01');
INSERT INTO MachinesInConstruction (ConstructionSite_ID, Machine_ID, StartMachineDate, FinishMachineDate) VALUES ('CS003', 'M003', DATE '2026-01-12', DATE '2026-02-25');
INSERT INTO MachinesInConstruction (ConstructionSite_ID, Machine_ID, StartMachineDate, FinishMachineDate) VALUES ('CS004', 'M004', DATE '2026-01-18', DATE '2026-03-10');
INSERT INTO MachinesInConstruction (ConstructionSite_ID, Machine_ID, StartMachineDate, FinishMachineDate) VALUES ('CS005', 'M005', DATE '2026-02-01', DATE '2026-04-05');
INSERT INTO MachinesInConstruction (ConstructionSite_ID, Machine_ID, StartMachineDate, FinishMachineDate) VALUES ('CS006', 'M006', DATE '2026-02-08', DATE '2026-03-22');
INSERT INTO MachinesInConstruction (ConstructionSite_ID, Machine_ID, StartMachineDate, FinishMachineDate) VALUES ('CS007', 'M007', DATE '2026-02-15', DATE '2026-04-01');
INSERT INTO MachinesInConstruction (ConstructionSite_ID, Machine_ID, StartMachineDate, FinishMachineDate) VALUES ('CS008', 'M008', DATE '2026-03-01', DATE '2026-04-18');
INSERT INTO MachinesInConstruction (ConstructionSite_ID, Machine_ID, StartMachineDate, FinishMachineDate) VALUES ('CS009', 'M009', DATE '2026-03-08', DATE '2026-05-01');
INSERT INTO MachinesInConstruction (ConstructionSite_ID, Machine_ID, StartMachineDate, FinishMachineDate) VALUES ('CS010', 'M010', DATE '2026-03-15', DATE '2026-05-12');

INSERT INTO ServiceInConstruction (ConstructionSite_ID, Company_ID, ServiceDescription, TypeService, InitDateService, EndDateService) VALUES ('CS001', 'SEC001', 'Electrical installation', 'Electrical', DATE '2026-01-10', DATE '2026-02-15');
INSERT INTO ServiceInConstruction (ConstructionSite_ID, Company_ID, ServiceDescription, TypeService, InitDateService, EndDateService) VALUES ('CS002', 'SEC002', 'Water connection', 'Plumbing', DATE '2026-01-12', DATE '2026-02-10');
INSERT INTO ServiceInConstruction (ConstructionSite_ID, Company_ID, ServiceDescription, TypeService, InitDateService, EndDateService) VALUES ('CS003', 'SEC003', 'Interior painting', 'Painting', DATE '2026-02-01', DATE '2026-03-05');
INSERT INTO ServiceInConstruction (ConstructionSite_ID, Company_ID, ServiceDescription, TypeService, InitDateService, EndDateService) VALUES ('CS004', 'SEC004', 'Site security', 'Security', DATE '2026-01-20', DATE '2026-04-20');
INSERT INTO ServiceInConstruction (ConstructionSite_ID, Company_ID, ServiceDescription, TypeService, InitDateService, EndDateService) VALUES ('CS005', 'SEC005', 'Land surveying', 'Surveying', DATE '2026-02-03', DATE '2026-02-20');
INSERT INTO ServiceInConstruction (ConstructionSite_ID, Company_ID, ServiceDescription, TypeService, InitDateService, EndDateService) VALUES ('CS006', 'SEC006', 'HVAC setup', 'HVAC', DATE '2026-02-15', DATE '2026-03-28');
INSERT INTO ServiceInConstruction (ConstructionSite_ID, Company_ID, ServiceDescription, TypeService, InitDateService, EndDateService) VALUES ('CS007', 'SEC007', 'Glass installation', 'Windows', DATE '2026-03-01', DATE '2026-04-12');
INSERT INTO ServiceInConstruction (ConstructionSite_ID, Company_ID, ServiceDescription, TypeService, InitDateService, EndDateService) VALUES ('CS008', 'SEC008', 'Crane service', 'Lifting', DATE '2026-03-10', DATE '2026-03-30');
INSERT INTO ServiceInConstruction (ConstructionSite_ID, Company_ID, ServiceDescription, TypeService, InitDateService, EndDateService) VALUES ('CS009', 'SEC009', 'Landscape work', 'Landscaping', DATE '2026-04-01', DATE '2026-05-15');
INSERT INTO ServiceInConstruction (ConstructionSite_ID, Company_ID, ServiceDescription, TypeService, InitDateService, EndDateService) VALUES ('CS010', 'SEC010', 'Final cleanup', 'Cleaning', DATE '2026-04-15', DATE '2026-05-20');

COMMIT;
